{
  "users": [
    {
      "id": 1,
      "name": "Test User",
      "email": "test@example.com",
      "password": "password123"
    }
  ],
  "projects": [
    {
      "id": 1,
      "name": "Sample Project",
      "description": "This is a sample project",
      "status": "active",
      "createdAt": "2024-03-20T10:00:00Z",
      "updatedAt": "2024-03-20T10:00:00Z"
    },
    {
      "name": "Darpan Pravinabhabhi Lakhani ",
      "description": "Test",
      "client": "darpan",
      "startDate": "2025-03-26",
      "endDate": "2025-03-30",
      "status": "completed",
      "id": 2
    }
  ],
  "estimations": [
    {
      "id": 1,
      "projectId": 1,
      "title": "Initial Estimation",
      "description": "Initial project estimation",
      "effort": 100,
      "createdAt": "2024-03-20T10:00:00Z",
      "updatedAt": "2024-03-20T10:00:00Z"
    },
    {
      "name": "Darpan Pravinabhabhi Lakhani ",
      "description": "ddsfffs",
      "sections": [
        {
          "name": "fsfs",
          "description": "sfsfff",
          "items": [
            {
              "title": "fsfsf",
              "description": "ff",
              "unit": "565",
              "quantity": 6,
              "price": 5648,
              "margin": 45
            }
          ]
        }
      ],
      "id": 2
    },
    {
      "name": "Darpan Pravinabhabhi Lakhani ",
      "description": "ddsfffs",
      "sections": [
        {
          "name": "fsfs",
          "description": "sfsfff",
          "items": [
            {
              "title": "fsfsf",
              "description": "ff",
              "unit": "565",
              "quantity": 6,
              "price": 5648,
              "margin": 45
            }
          ]
        }
      ],
      "id": 3
    },
    {
      "name": "Darpan Pravinabhabhi Lakhani ",
      "description": "sfsfsffs",
      "sections": [
        {
          "name": "fsfs",
          "description": "",
          "items": [
            {
              "title": "dsdfsf",
              "description": "frfddfd",
              "unit": "sffsfsfsfs",
              "quantity": 565655,
              "price": 652655,
              "margin": 92
            }
          ]
        }
      ],
      "id": 4
    },
    {
      "name": "Xyla Boone",
      "description": "Voluptatem aliquip v",
      "sections": [
        {
          "name": "Xanthus Robertson",
          "description": "Ipsam dolore aut qua",
          "items": [
            {
              "title": "Exercitationem rerum",
              "description": "Est dolore reprehend",
              "unit": "Cupidatat non neque ",
              "quantity": 446,
              "price": 809,
              "margin": 61
            }
          ]
        }
      ],
      "id": 5
    },
    {
      "name": "Darpan Pravinabhabhi Lakhani ",
      "description": "dsd",
      "sections": [
        {
          "name": "wd",
          "description": "rere",
          "items": [
            {
              "title": "rer",
              "description": "ererrer",
              "unit": "rer",
              "quantity": 0,
              "price": 0,
              "margin": 0
            }
          ]
        }
      ],
      "id": 6
    },
    {
      "name": "Darpan Pravinabhabhi Lakhani sddsd",
      "description": "dsd",
      "sections": [
        {
          "name": "wd",
          "description": "rere",
          "items": [
            {
              "title": "rer",
              "description": "ererrer",
              "unit": "rer",
              "quantity": 36,
              "price": 34,
              "margin": 4
            }
          ]
        }
      ],
      "id": 7
    },
    {
      "name": "Darpan Pravinabhabhi Lakhani sddsd",
      "description": "dfsdf",
      "sections": [
        {
          "name": "wd",
          "description": "rere",
          "items": [
            {
              "title": "rer",
              "description": "ererrer",
              "unit": "rer",
              "quantity": 0,
              "price": 0,
              "margin": 0
            }
          ]
        }
      ],
      "id": 8
    },
    {
      "name": "Darpan Pravinabhabhi Lakhani sddsd",
      "description": "",
      "sections": [
        {
          "name": "wd",
          "description": "rere",
          "items": [
            {
              "title": "rer",
              "description": "ererrer",
              "unit": "rer",
              "quantity": 0,
              "price": 0,
              "margin": 0
            }
          ]
        }
      ],
      "id": 9
    },
    {
      "name": "Darpan Pravinabhabhi Lakhani sddsd",
      "description": "sdsdsfs",
      "sections": [
        {
          "name": "wd",
          "description": "rere",
          "items": [
            {
              "title": "rer",
              "description": "ererrer",
              "unit": "rer",
              "quantity": 0,
              "price": 0,
              "margin": 0
            }
          ]
        }
      ],
      "id": 10
    }
  ]
}